rmse,mae,mape,r2,mse
0.00867263632029832,0.006337378491475689,5.730851518749661,0.9747012743412148,7.521462074415759e-05
